{
  "episode": 50,
  "policy": {
    "W1": [
      [
        13.287235026690375,
        21.86672380728328,
        -32.31490735870772,
        14.737326058782745
      ],
      [
        9.92358466953529,
        -48.259216415046424,
        -21.564560228554843,
        8.831908829740565
      ],
      [
        17.06703326900948,
        -21.81696723545072,
        36.983723293408346,
        -4.613193145774416
      ],
      [
        -26.113482198642075,
        17.76590409135942,
        -3.9481749429513777,
        33.95430934266713
      ],
      [
        43.32673765484858,
        -0.3304813240924811,
        4.707074735031955,
        20.04035436675342
      ],
      [
        23.94132818905687,
        -9.85706911502019,
        -26.944013643485096,
        -3.118541105049529
      ],
      [
        13.148156369499091,
        -37.27438724152587,
        16.125960537155077,
        -4.30700227484621
      ],
      [
        16.57510084586514,
        -33.56756485594571,
        24.267244715631886,
        -10.137369718927735
      ],
      [
        -45.612555882762216,
        15.631921623906026,
        0.6331946559929104,
        17.34610641516383
      ],
      [
        12.870015273445738,
        19.936408506982463,
        1.8915230979020112,
        38.067474670157516
      ],
      [
        13.322771513672842,
        -23.550195128191046,
        -36.257622984207664,
        16.64515731279403
      ],
      [
        21.288027031104573,
        -10.198453209860912,
        -13.273744786172925,
        29.260878830390894
      ],
      [
        -13.381744113680032,
        17.51463898777067,
        -43.97652769276288,
        13.79154608431389
      ],
      [
        -5.655016107221911,
        17.304565122509945,
        9.487396059707455,
        -41.58486287755969
      ],
      [
        18.119285267869373,
        -44.89591555146238,
        -10.51175161623561,
        44.319658694935654
      ],
      [
        33.55396977927752,
        -0.48201138864168425,
        -21.83217289630675,
        27.303695824269607
      ],
      [
        28.885836009170678,
        -4.483136559769914,
        29.302231495536013,
        22.526118043096034
      ],
      [
        10.420375780193448,
        -10.421492437924552,
        -36.57306623681562,
        -9.298009689420878
      ],
      [
        10.787551288574395,
        -5.84172029696688,
        26.94178801270902,
        32.640915326859755
      ],
      [
        27.869604030642343,
        16.458234847217117,
        -29.12815780069031,
        32.94957725491174
      ],
      [
        -3.909961886286518,
        16.759017101061648,
        -12.685091215972728,
        34.27713219090288
      ],
      [
        1.446529585562281,
        -44.13826321141594,
        -1.2427368903983853,
        -0.29071458923732113
      ],
      [
        2.3382088039873747,
        38.64464520760071,
        7.247396988796679,
        32.18760834461852
      ],
      [
        7.52056137084571,
        52.62941563453509,
        -4.463830217991739,
        -0.6762127443027296
      ],
      [
        17.775647603637047,
        -4.958883600242897,
        -12.369566261895331,
        47.5379969912705
      ],
      [
        21.53230398825524,
        -8.07664384629981,
        -2.048420768781853,
        10.236566757202262
      ],
      [
        -9.846182932166043,
        23.479305720090082,
        -42.29928956570486,
        4.402571607480867
      ],
      [
        -32.54637282069488,
        10.36154837035363,
        9.69602087464112,
        -20.252427798671924
      ],
      [
        30.322364383216925,
        -6.318035482544405,
        -4.413208148964577,
        42.13604282551813
      ],
      [
        9.600031519771047,
        -15.621631062896697,
        -26.754429777731826,
        32.904709580517945
      ],
      [
        43.97318001478369,
        11.790933900924902,
        -11.028291462757876,
        16.031855417588037
      ],
      [
        14.617062759947292,
        -5.3613214028243386,
        0.5794667034521199,
        43.96303941928479
      ]
    ],
    "b1": [
      -3.3780048391785735,
      0.03661532786652934,
      2.6010416475035565,
      -1.3019352702119393,
      -3.3395604716901777,
      0.5174841601896047,
      -3.6780498038264087,
      -3.9001898301277893,
      -1.0468335692518864,
      -10.416486731446138,
      0.057122220651442214,
      -11.11597710500262,
      -3.4948958493644695,
      6.768907394598613,
      -3.9328518125983085,
      -5.4433041348248254,
      0.7197451473623934,
      -12.272640397589345,
      -2.671115635307769,
      -3.780939715589062,
      -1.7462468558864004,
      0.8741298910305139,
      -0.0382591439105438,
      -2.199126959902729,
      -9.601153686321682,
      -11.198549156769294,
      0.29409888265164885,
      3.8149329065922526,
      -7.4297808763849105,
      -3.0139127832463,
      -2.6526882397461895,
      -4.136606771089365
    ],
    "W2": [
      [
        -88.5118620759837,
        -88.42518073052149,
        -87.8350106500539,
        -87.69878808176351,
        -88.61297466473945,
        -88.21013840844131,
        -88.53425702103395,
        -88.37583735061531,
        -88.41492796909182,
        -87.9888315205728,
        -88.28546327301159,
        -88.45543933887845,
        -88.13212073519823,
        -88.59637853332343,
        -88.53483599921915,
        -87.6475220916856,
        -88.43640144994107,
        -88.27720193909653,
        -87.90415893418275,
        -87.79743067521468,
        -87.71727517841276,
        -88.46633263431066,
        -87.96311667683504,
        -87.6692083373649,
        -88.57770629658162,
        -87.95955545610872,
        -87.79033264670647,
        -88.29344469932954,
        -88.38506990112303,
        -88.03896584693871,
        -88.19344320670905,
        -88.46093775595669
      ],
      [
        -14.272917886679656,
        -14.334637906118394,
        -14.175430562251682,
        -14.235943171713307,
        -14.433097300775751,
        -14.387391619185697,
        -13.90688212740705,
        -14.493610636953838,
        -14.183943082922445,
        -14.732106982946656,
        -14.002968924365353,
        -14.408626747302508,
        -14.698846808207557,
        -14.463660137557602,
        -14.504412893949626,
        -13.791413961948228,
        -14.392317740260454,
        -14.456665386919562,
        -14.385342104522215,
        -13.797637466118138,
        -14.110795449526725,
        -14.123466456157322,
        -14.028923951474544,
        -14.356526066463465,
        -14.330125313498703,
        -14.09371043951264,
        -14.743019079919259,
        -14.552233760531282,
        -14.410141611113461,
        -14.505127341590017,
        -14.107143900646681,
        -14.365895231452873
      ],
      [
        -80.62617449386583,
        -80.93344646466865,
        -81.08719148889521,
        -81.09933081045979,
        -80.79976826164521,
        -81.0833713322864,
        -80.83940199660508,
        -81.45481819962204,
        -81.05624569586003,
        -81.2423709621316,
        -81.34391131345656,
        -80.97402475541124,
        -81.01433228450982,
        -80.94019295996442,
        -80.74611311832017,
        -80.61772273133015,
        -81.00701521520354,
        -81.18953963916199,
        -81.03470565022634,
        -80.69255202821851,
        -80.62658155409859,
        -80.68918295321514,
        -81.313596591528,
        -80.50217752612359,
        -80.86850912566057,
        -81.41813083540309,
        -80.77604353011758,
        -80.51477640537375,
        -81.09978106336628,
        -80.82308288033691,
        -81.18542074835752,
        -81.28807322351413
      ]
    ],
    "b2": [
      -0.2808782592893426,
      -0.10543886125768034,
      -0.33936871345520025
    ]
  },
  "config": {
    "observation_dim": 4,
    "action_dim": 3,
    "hidden_dim": 32,
    "gamma": 0.99,